Timestamp,Open,High,Low,Close,Volume_(BTC),Volume_(Currency),Weighted_Price
1325317920,4.39,4.39,4.39,4.39,0.45558087,2.0000000193,4.39
1325346600,4.39,4.39,4.39,4.39,48.0,210.72,4.39
1325350740,4.5,4.57,4.5,4.57,37.86229723,171.38033753,4.5264114983
1325350800,4.58,4.58,4.58,4.58,9.0,41.22,4.58
1325391360,4.58,4.58,4.58,4.58,1.502,6.87916,4.58
1325431680,4.84,4.84,4.84,4.84,10.0,48.4,4.84
1325457900,5.0,5.0,5.0,5.0,10.1,50.5,5.0
1325534640,5.0,5.0,5.0,5.0,19.048,95.24,5.0
1325591100,5.32,5.32,5.32,5.32,2.41917293,12.869999988,5.32
1325600520,5.14,5.14,5.14,5.14,0.68,3.4952,5.14
1325602440,5.26,5.26,5.26,5.26,29.31939163,154.21999997,5.26
1325604720,5.29,5.29,5.29,5.29,29.30245747,155.01000002,5.29
1325610600,5.29,5.29,5.29,5.29,11.28544423,59.699999977,5.29
1325610840,5.14,5.14,5.14,5.14,0.02,0.1028,5.14
1325611560,5.29,5.29,5.29,5.29,11.0,58.19,5.29
1325611620,5.29,5.29,5.29,5.29,4.01081466,21.217209551,5.29
1325650620,4.93,4.93,4.93,4.93,2.32,11.4376,4.93
1325653500,4.93,4.93,4.93,4.93,9.68,47.7224,4.93
1325680860,5.19,5.19,5.19,5.19,2.6416185,13.710000015,5.19
1325681820,5.19,5.19,5.19,5.19,8.72447013,45.279999975,5.19
1325691540,5.19,5.19,5.19,5.19,16.34472603,84.829128096,5.19
1325692380,5.32,5.32,5.32,5.32,0.18609023,0.9900000236,5.32
1325692440,5.32,5.32,5.32,5.32,10.39473684,55.299999989,5.32
1325692800,5.36,5.37,5.36,5.37,13.62942272,73.060000006,5.3604618117
1325699460,5.37,5.57,5.37,5.57,43.31219578,235.74706937,5.4429720112
1325727600,5.72,5.72,5.72,5.72,5.0,28.6,5.72
1325735520,5.75,5.75,5.75,5.75,5.2,29.9,5.75
1325747940,5.75,5.79,5.75,5.79,14.8,85.5,5.777027027
1325753880,6.0,6.0,6.0,6.0,2.23666667,13.42000002,6.0
1325754180,6.0,6.0,6.0,6.0,0.1684827,1.0108962,6.0
1325756880,6.15,6.15,6.15,6.15,10.0,61.5,6.15
1325758080,6.19,6.19,6.19,6.19,0.57189015,3.5400000285,6.19
1325758200,6.19,6.23,6.19,6.23,16.0,99.285718902,6.2053574313
1325760480,6.23,6.25,6.23,6.25,14.0,87.42,6.2442857143
1325762400,6.46,6.46,6.46,6.46,0.77399381,5.0000000126,6.46
1325762460,6.46,6.46,6.46,6.46,0.17801857,1.1499999622,6.46
1325762880,6.43,6.43,6.43,6.43,0.31104199,1.9999999957,6.43
1325768820,6.44,6.44,6.44,6.44,0.31055901,2.0000000244,6.44
1325770680,6.43,6.43,6.43,6.43,0.46656299,3.0000000257,6.43
1325773860,6.42,6.42,6.42,6.42,0.31152648,2.0000000016,6.42
1325803800,6.43,6.43,6.43,6.43,0.31152648,2.0031152664,6.43
1325806500,6.44,6.44,6.44,6.44,0.46656299,3.0046656556,6.44
1325806740,6.47,6.47,6.47,6.47,0.95201238,6.1595200986,6.47
1325806860,6.65,6.65,6.65,6.65,20.77744361,138.17000001,6.65
1325806980,6.65,6.65,6.65,6.65,1.46627565,9.7507330725,6.65
1325807160,6.65,6.65,6.65,6.65,0.49926578,3.320117437,6.65
1325829720,6.65,6.65,6.65,6.65,1.42549766,9.479559439,6.65
1325829840,6.69,6.73,6.69,6.73,6.31,42.36385832,6.7137651855
1325856000,6.8,6.9,6.8,6.9,9.31055901,63.611801268,6.832221481
1325863260,6.76,6.76,6.76,6.76,0.29585799,2.0000000124,6.76
1325864160,6.5,6.5,6.5,6.5,0.5,3.25,6.5
1325864220,6.49,6.49,6.49,6.49,1.54083205,10.000000005,6.49
1325867820,6.4,6.4,6.4,6.4,0.5,3.2,6.4
1325872740,6.4,6.4,6.4,6.4,1.55038759,9.922480576,6.4
1325872800,6.4,6.4,6.4,6.4,0.83875968,5.368061952,6.4
1325875320,6.4,6.4,6.4,6.4,9.11085273,58.309457472,6.4
1325881080,6.3,6.3,6.3,6.3,0.5,3.15,6.3
1325881140,6.2,6.2,6.2,6.2,0.5,3.1,6.2
1325881260,6.1,6.1,6.1,6.1,0.5,3.05,6.1
1325881320,6.0,6.0,6.0,6.0,1.0,6.0,6.0
1325960040,6.8,6.8,6.8,6.8,0.29585799,2.011834332,6.8
1326032400,6.9,6.9,6.9,6.9,4.0,27.6,6.9
1326065460,7.0,7.0,7.0,7.0,1.0,7.0,7.0
1326084000,6.99,6.99,6.9,6.9,5.0,34.69854,6.939708
1326110640,6.9,6.9,6.9,6.9,7.04348837,48.600069753,6.9
1326110760,6.9,6.9,6.9,6.9,1.46842878,10.132158582,6.9
1326110820,6.9,6.9,6.9,6.9,1.47275405,10.162002945,6.9
1326110880,6.9,6.9,6.9,6.9,1.52207002,10.502283138,6.9
1326110940,6.9,6.9,6.9,6.9,0.69925878,4.824885582,6.9
1326111300,6.5,6.5,6.5,6.5,1.5600624,10.1404056,6.5
1326111360,6.5,6.5,6.5,6.5,1.5600624,10.1404056,6.5
1326111420,6.5,6.5,6.5,6.5,1.56985871,10.204081615,6.5
1326111480,6.5,6.5,6.5,6.5,1.5576324,10.1246106,6.5
1326111540,6.5,6.5,6.5,6.5,1.56494523,10.172143995,6.5
1326111600,6.5,6.5,6.5,6.5,1.54559505,10.046367825,6.5
1326111840,6.5,6.5,6.5,6.5,13.6,88.4,6.5
1326115560,6.58,6.58,6.58,6.58,1.51975684,10.000000007,6.58
1326115620,6.6,6.6,6.6,6.6,1.48024316,9.769604856,6.6
1326115680,6.6,6.6,6.6,6.6,0.8,5.28,6.6
1326115980,6.57,6.57,6.57,6.57,0.76103501,5.0000000157,6.57
1326117480,6.5,6.5,6.5,6.5,0.04184381,0.271984765,6.5
1326119580,6.6,6.6,6.6,6.6,1.51515152,10.000000032,6.6
1326122760,6.6,6.6,6.6,6.6,1.51515152,10.000000032,6.6
1326122820,6.6,6.6,6.6,6.6,1.51515152,10.000000032,6.6
1326122880,6.6,6.6,6.6,6.6,1.51515152,10.000000032,6.6
1326123780,6.6,6.6,6.6,6.6,1.51745068,10.015174488,6.6
1326124560,6.6,6.6,6.6,6.6,1.51515152,10.000000032,6.6
1326124680,6.6,6.6,6.6,6.6,1.51515152,10.000000032,6.6
1326124800,6.6,6.6,6.6,6.6,1.51515152,10.000000032,6.6
1326124980,6.6,6.6,6.6,6.6,1.51515152,10.000000032,6.6
1326125040,6.6,6.6,6.6,6.6,1.51515152,10.000000032,6.6
1326125160,6.6,6.6,6.6,6.6,1.51515152,10.000000032,6.6
1326129120,6.36,6.36,6.36,6.36,0.31446541,2.0000000076,6.36
1326130020,6.38,6.38,6.38,6.38,0.55799373,3.5599999974,6.38
1326132180,6.49,6.49,6.49,6.49,0.56086287,3.6400000263,6.49
1326132300,6.48,6.48,6.48,6.48,1.0,6.48,6.48
1326138120,6.35,6.35,6.35,6.35,1.0,6.35,6.35
1326138240,6.23,6.23,6.23,6.23,1.0,6.23,6.23
1326149820,6.3,6.3,6.3,6.3,1.0,6.3,6.3
1326189360,6.24,6.24,6.24,6.24,3.2051282,19.999999968,6.24
1326189420,6.24,6.24,6.24,6.24,1.6025641,9.999999984,6.24
1326189480,6.24,6.24,6.24,6.24,1.6025641,9.999999984,6.24
1326189540,6.24,6.24,6.24,6.24,1.6025641,9.999999984,6.24
1326189600,6.24,6.24,6.24,6.24,1.2371795,7.72000008,6.24
1326192120,6.4,6.4,6.4,6.4,1.0,6.4,6.4
1326200400,6.54,6.54,6.54,6.54,1.0,6.54,6.54
1326200460,6.54,6.54,6.54,6.54,1.52905199,10.000000015,6.54
1326200520,6.54,6.54,6.54,6.54,1.52905199,10.000000015,6.54
1326200580,6.54,6.54,6.54,6.54,1.52905199,10.000000015,6.54
1326200640,6.54,6.54,6.54,6.54,1.53846154,10.061538472,6.54
1326200700,6.54,6.54,6.54,6.54,1.53846154,10.061538472,6.54
1326201000,6.54,6.54,6.54,6.54,1.52905199,10.000000015,6.54
1326201060,6.54,6.54,6.54,6.54,1.52905199,10.000000015,6.54
1326201120,6.54,6.54,6.54,6.54,1.52905199,10.000000015,6.54
1326201360,6.54,6.54,6.54,6.54,0.32568807,2.1299999778,6.54
1326207300,6.55,6.55,6.55,6.55,0.56086287,3.6736517985,6.55
1326207600,6.55,6.55,6.55,6.55,1.52671756,10.000000018,6.55
1326208620,6.55,6.55,6.55,6.55,10.14,66.417,6.55
1326208860,6.7,6.7,6.7,6.7,0.76103501,5.098934567,6.7
1326208920,6.7,6.7,6.7,6.7,1.5037594,10.07518798,6.7
1326208980,6.7,6.7,6.7,6.7,1.5128593,10.13615731,6.7
1326209040,6.7,6.7,6.7,6.7,7.6528593,51.27415731,6.7
1326210060,6.55,6.55,6.55,6.55,1.52905199,10.015290535,6.55
1326210240,6.55,6.55,6.55,6.55,1.53139357,10.030627883,6.55
1326219120,7.1,7.1,7.1,7.1,4.0,28.4,7.1
1326219180,7.1,7.1,7.1,7.1,1.51057402,10.725075542,7.1
1326219240,7.1,7.1,7.1,7.1,1.51057402,10.725075542,7.1
1326219300,7.1,7.1,7.1,7.1,0.12533083,0.889848893,7.1
1326236220,7.14,7.14,7.14,7.14,4.59803922,32.830000031,7.14
1326265500,7.14,7.14,7.14,7.14,1.40196078,10.009999969,7.14
1326265560,7.14,7.14,7.14,7.14,1.447178,10.33285092,7.14
1326265620,7.14,7.14,7.14,7.14,1.447178,10.33285092,7.14
1326265680,7.14,7.14,7.14,7.14,1.447178,10.33285092,7.14
1326265740,7.14,7.14,7.14,7.14,1.447178,10.33285092,7.14
1326265800,7.14,7.14,7.14,7.14,1.447178,10.33285092,7.14
1326265860,7.14,7.14,7.14,7.14,1.447178,10.33285092,7.14
1326265920,7.14,7.14,7.14,7.14,1.447178,10.33285092,7.14
1326265980,7.14,7.14,7.14,7.14,1.447178,10.33285092,7.14
1326266040,7.14,7.14,7.14,7.14,1.447178,10.33285092,7.14
1326266100,7.14,7.14,7.14,7.14,1.44927536,10.34782607,7.14
1326266160,7.14,7.14,7.14,7.14,1.44927536,10.34782607,7.14
1326266220,7.14,7.14,7.14,7.14,1.44927536,10.34782607,7.14
1326266340,7.14,7.14,7.14,7.14,1.44927536,10.34782607,7.14
1326266400,7.14,7.14,7.14,7.14,1.23712009,8.8330374426,7.14
1326269520,6.25,6.25,6.25,6.25,10.15,63.4375,6.25
1326269580,6.25,6.25,6.25,6.25,0.85,5.3125,6.25
1326275160,7.0,7.0,7.0,7.0,1.0,7.0,7.0
1326285300,7.2,7.2,7.2,7.2,1.0,7.2,7.2
1326285360,7.2,7.2,7.2,7.2,1.41442716,10.183875552,7.2
1326285420,7.2,7.2,7.2,7.2,1.41442716,10.183875552,7.2
1326285480,7.2,7.2,7.2,7.2,1.41242938,10.169491536,7.2
1326285540,7.2,7.2,7.2,7.2,1.40449438,10.112359536,7.2
1326285660,7.2,7.2,7.2,7.2,1.40646976,10.126582272,7.2
1326285720,7.2,7.2,7.2,7.2,1.40646976,10.126582272,7.2
1326285780,7.2,7.2,7.2,7.2,1.41242938,10.169491536,7.2
1326285840,7.2,7.2,7.2,7.2,1.40646976,10.126582272,7.2
1326285900,7.2,7.2,7.2,7.2,1.40449438,10.112359536,7.2
1326285960,7.2,7.2,7.2,7.2,1.40449438,10.112359536,7.2
1326286020,7.2,7.2,7.2,7.2,1.40252454,10.098176688,7.2
1326286080,7.2,7.2,7.2,7.2,1.40252454,10.098176688,7.2
1326286140,7.2,7.2,7.2,7.2,1.40252454,10.098176688,7.2
1326286200,7.2,7.2,7.2,7.2,1.40449438,10.112359536,7.2
1326286260,7.2,7.2,7.2,7.2,1.40449438,10.112359536,7.2
1326286320,7.2,7.2,7.2,7.2,1.40646976,10.126582272,7.2
1326286440,7.2,7.2,7.2,7.2,1.40252454,10.098176688,7.2
1326286500,7.2,7.2,7.2,7.2,1.40252454,10.098176688,7.2
1326286560,7.2,7.2,7.2,7.2,1.41242938,10.169491536,7.2
1326286620,7.2,7.2,7.2,7.2,1.41242938,10.169491536,7.2
1326286680,7.2,7.2,7.2,7.2,1.41242938,10.169491536,7.2
1326286740,7.2,7.2,7.2,7.2,1.41242938,10.169491536,7.2
1326290280,7.21,7.21,7.21,7.21,3.0,21.63,7.21
1326290340,7.21,7.21,7.21,7.21,1.40646976,10.14064697,7.21
1326291900,7.22,7.33,7.22,7.33,12.92299,93.987257713,7.2728724322
1326294120,6.9,6.9,6.9,6.9,1.0,6.9,6.9
1326307140,7.0,7.0,7.0,7.0,4.97428571,34.81999997,7.0
1326316320,7.0,7.0,7.0,7.0,8.02571429,56.18000003,7.0
1326316500,7.0,7.0,7.0,7.0,8.60428571,60.22999997,7.0
1326337440,6.95,6.95,6.95,6.95,8.8,61.16,6.95
1326363480,7.3,7.3,7.3,7.3,9.54109589,69.649999997,7.3
1326372780,7.3,7.3,7.3,7.3,0.45890411,3.350000003,7.3
1326375600,7.25,7.25,7.25,7.25,11.594178,84.0577905,7.25
1326375660,7.25,7.25,7.25,7.25,1.447178,10.4920405,7.25
1326375720,7.38,7.38,7.38,7.38,39.4,290.772,7.38
1326378120,7.36,7.36,7.36,7.36,5.99728261,44.14000001,7.36
1326378720,6.8,6.8,6.8,6.8,1.0,6.8,6.8
1326382260,6.7,6.7,6.7,6.7,1.0,6.7,6.7
1326382440,6.6,6.6,6.6,6.6,1.0,6.6,6.6
1326391080,7.35,7.35,7.35,7.35,1.0829932,7.96000002,7.35
1326391980,6.51,6.51,6.51,6.51,0.98,6.3798,6.51
1326420000,6.8,6.8,6.8,6.8,1.0,6.8,6.8
1326430500,6.7,6.7,6.7,6.7,1.0,6.7,6.7
1326456180,6.7,6.7,6.7,6.7,1.03880597,6.959999999,6.7
1326459780,6.7,6.7,6.7,6.7,0.84328358,5.649999986,6.7
1326460620,6.7,6.7,6.7,6.7,0.11791045,0.790000015,6.7
1326461640,6.99,6.99,6.99,6.99,2.11791045,14.804194045,6.99
1326461700,6.99,6.99,6.82,6.82,1.46627566,10.002816456,6.821920822
1326463380,7.0,7.0,7.0,7.0,1.51,10.57,7.0
1326463440,7.0,7.25,6.86,7.25,5.57496732,40.036599949,7.1814950028
1326463500,7.25,7.35,7.25,7.35,2.79976543,20.490000048,7.3184702647
1326463560,7.35,7.35,6.86,6.86,1.45772595,10.578298867,7.2567130107
1326463620,7.36,7.36,7.36,7.36,1.08152174,7.9600000064,7.36
1326464760,7.0,7.0,6.9,6.9,1.45560408,10.143668152,6.9686999998
1326464880,6.9,6.9,6.9,6.9,0.54439592,3.756331848,6.9
1326465060,6.9,6.9,6.9,6.9,1.0,6.9,6.9
1326474660,6.9,6.9,6.9,6.9,1.46627566,10.117302054,6.9
1326474720,6.9,6.9,6.9,6.9,1.46627566,10.117302054,6.9
1326474780,6.9,6.9,6.9,6.9,1.46627566,10.117302054,6.9
1326474900,6.9,6.9,6.9,6.9,1.46627566,10.117302054,6.9
1326474960,6.9,6.9,6.9,6.9,1.46627566,10.117302054,6.9
1326475020,6.9,6.9,6.9,6.9,1.46627566,10.117302054,6.9
1326475380,6.8,6.8,6.8,6.8,1.0,6.8,6.8
1326475440,6.76,6.9,6.76,6.9,0.821,5.5977994084,6.8182696814
1326484320,6.7,6.7,6.7,6.7,1.0,6.7,6.7
1326485100,7.25,7.25,7.25,7.25,5.91,42.8475,7.25
1326485160,7.25,7.25,7.25,7.25,1.48148148,10.74074073,7.25
1326485220,7.25,7.25,7.25,7.25,1.48148148,10.74074073,7.25
1326485280,7.25,7.25,7.25,7.25,1.47928994,10.724852065,7.25
1326485700,7.34,7.34,7.34,7.34,0.95231608,6.9900000272,7.34
1326486720,7.34,7.34,7.34,7.34,1.04768392,7.6899999728,7.34
1326486840,6.72,6.72,6.72,6.72,0.99107143,6.6600000096,6.72
1326499020,6.6,6.6,6.6,6.6,1.0,6.6,6.6
1326501660,6.5,6.5,6.5,6.5,1.54083205,10.015408325,6.5
1326501780,6.5,6.5,6.5,6.5,1.54083205,10.015408325,6.5
1326502620,6.5,6.5,6.5,6.5,1.54559505,10.046367825,6.5
1326502740,6.5,6.5,6.5,6.5,4.74,30.81,6.5
1326503280,6.5,6.5,6.5,6.5,1.54320988,10.03086422,6.5
1326503340,6.5,6.5,6.4,6.4,1.68953097,10.881951305,6.4408119758
1326573720,6.3,6.3,6.3,6.3,1.0,6.3,6.3
1326573780,6.3,6.3,6.3,6.3,1.5128593,9.53101359,6.3
1326573840,6.3,6.3,6.3,6.3,1.51057401,9.516616263,6.3
1326573900,6.3,6.3,6.3,6.3,0.21256669,1.339170147,6.3
1326623100,7.15,7.15,7.15,7.15,11.42450142,81.685185153,7.15
1326623220,7.15,7.15,7.15,7.15,1.42450142,10.185185153,7.15
1326623280,7.15,7.15,7.15,7.15,1.42450142,10.185185153,7.15
1326623340,7.15,7.15,7.15,7.15,1.42450142,10.185185153,7.15
1326623400,7.15,7.15,7.15,7.15,1.00129502,7.159259393,7.15
1326729000,6.2,6.2,6.2,6.2,1.0,6.2,6.2
1326729060,6.2,6.2,6.2,6.2,1.49925037,9.295352294,6.2
1326729120,6.2,6.2,6.2,6.2,0.90074963,5.584647706,6.2
1326735900,7.1,7.1,7.1,7.1,6.0,42.6,7.1
1326735960,7.1,7.1,7.1,7.1,1.43884892,10.215827332,7.1
1326736080,7.1,7.1,7.1,7.1,1.44300144,10.245310224,7.1
1326736140,7.1,7.1,7.1,7.1,0.36744541,2.608862411,7.1
1326801900,6.5,6.5,6.5,6.5,1.0,6.5,6.5
1326801960,6.5,6.5,6.5,6.5,1.0,6.5,6.5
1326809760,6.9,6.9,6.9,6.9,2.0,13.8,6.9
1326812640,6.9,6.9,6.9,6.9,7.24637681,49.999999989,6.9
1326839580,6.4,6.4,6.4,6.4,1.0,6.4,6.4
1326839640,6.3,6.3,6.2,6.2,1.62337662,10.164935044,6.2616000001
1326839700,6.2,6.2,6.0,6.0,1.77619893,10.832518256,6.0987077928
1326839760,6.0,6.0,6.0,6.0,1.77619893,10.65719358,6.0
1326839880,6.0,6.0,6.0,6.0,1.9047619,11.4285714,6.0
1326839940,6.0,6.0,6.0,6.0,1.9047619,11.4285714,6.0
1326840000,6.0,6.0,6.0,6.0,2.01612903,12.09677418,6.0
1326840060,6.0,6.0,6.0,6.0,1.94552529,11.67315174,6.0
1326840120,6.0,6.0,6.0,6.0,1.90839695,11.4503817,6.0
1326840180,6.0,6.0,6.0,6.0,1.85873606,11.15241636,6.0
1326840240,6.0,6.0,6.0,6.0,1.7921147,10.7526882,6.0
1326840300,6.0,6.0,6.0,6.0,1.7699115,10.619469,6.0
1326840360,6.0,6.0,6.0,6.0,1.73913043,10.43478258,6.0
1326840420,6.0,6.0,6.0,6.0,1.73913043,10.43478258,6.0
1326840480,6.0,6.0,6.0,6.0,1.73913043,10.43478258,6.0
1326840540,6.0,6.0,6.0,6.0,1.73913043,10.43478258,6.0
1326840660,6.0,6.0,6.0,6.0,1.0849979,6.5099874,6.0
1326840960,6.0,6.0,6.0,6.0,4.15,24.9,6.0
1326841140,6.0,6.0,6.0,6.0,15.53236857,93.19421142,6.0
1326841320,6.0,6.0,6.0,6.0,20.26763143,121.60578858,6.0
1326849300,5.99,5.99,5.99,5.99,1.63132137,9.7716150063,5.99
1326849360,5.99,5.99,5.99,5.99,1.62074554,9.7082657846,5.99
1326849420,5.99,5.99,5.99,5.99,1.62074554,9.7082657846,5.99
1326849480,5.99,5.99,5.99,5.99,1.62074554,9.7082657846,5.99
1326849600,5.99,5.99,5.99,5.99,1.62074554,9.7082657846,5.99
1326849660,5.99,5.99,5.99,5.99,1.63934426,9.8196721174,5.99
1326849720,5.99,5.99,5.99,5.99,1.63132137,9.7716150063,5.99
1326849780,5.99,5.99,5.99,5.99,1.63934426,9.8196721174,5.99
1326849840,5.99,5.99,5.99,5.99,1.57232704,9.4182389696,5.99
1326849900,5.99,5.99,5.99,5.99,1.57480314,9.4330708086,5.99
1326849960,5.99,5.99,5.99,5.99,1.57480314,9.4330708086,5.99
1326850020,5.99,5.99,5.99,5.99,17.6618977,105.79476722,5.99
1326850080,5.99,5.99,5.99,5.99,1.61550888,9.6768981912,5.99
1326850140,5.99,5.99,5.99,5.99,12.97634668,77.728316613,5.99
1326850200,6.01,6.01,6.01,6.01,2.0,12.02,6.01
1326850260,6.02,6.3,6.02,6.3,31.36321461,191.53840718,6.1071038017
1326857400,6.1,6.1,6.02,6.02,1.67785235,10.180671147,6.06768
1326857580,6.02,6.02,6.02,6.02,0.89943471,5.4145969542,6.02
1326875280,6.5,6.5,6.5,6.5,8.59249946,55.85124649,6.5
1326875340,6.5,6.5,6.5,6.5,1.63132137,10.603588905,6.5
1326875400,6.5,6.5,6.5,6.5,1.64473684,10.69078946,6.5
1326875460,6.5,6.5,6.5,6.5,1.63132137,10.603588905,6.5
1326875580,6.5,6.5,6.5,6.5,1.63398693,10.620915045,6.5
1326875640,6.5,6.5,6.5,6.5,1.63132137,10.603588905,6.5
1326875700,6.5,6.5,6.5,6.5,1.63132137,10.603588905,6.5
1326875760,6.5,6.5,6.5,6.5,1.63132137,10.603588905,6.5
1326875820,6.5,6.5,6.5,6.5,1.63132137,10.603588905,6.5
1326875880,6.5,6.5,6.5,6.5,1.63398693,10.620915045,6.5
1326875940,6.5,6.5,6.5,6.5,1.63132137,10.603588905,6.5
1326876000,6.5,6.5,6.5,6.5,1.63132137,10.603588905,6.5
1326876060,6.5,6.5,6.5,6.5,1.63398693,10.620915045,6.5
1326876120,6.5,6.5,6.5,6.5,0.31558915,2.051329475,6.5
1326877020,6.5,6.5,6.5,6.5,1.57728706,10.25236589,6.5
1326893160,6.0,6.0,6.0,6.0,12.0,72.0,6.0
1326897600,6.0,6.0,6.0,6.0,3.42362319,20.54173914,6.0
1326898080,7.1,7.1,7.1,7.1,2.0,14.2,7.1
1326953520,5.52,5.52,5.52,5.52,2.0,11.04,5.52
1326966660,7.0,7.0,7.0,7.0,4.52,31.64,7.0
1326967560,6.19,6.19,6.19,6.19,30.0,185.7,6.19
1326967620,6.19,6.19,6.19,6.19,27.1734234,168.20349085,6.19
1326970860,6.09,6.09,6.09,6.09,29.76844088,181.28980496,6.09
1326993120,7.0,7.0,7.0,7.0,18.90428571,132.32999997,7.0
1326997680,6.15,6.15,6.15,6.15,22.59501748,138.9593575,6.15
1326997740,6.15,6.15,6.15,6.15,12.504817,76.90462455,6.15
1326997800,6.01,6.01,6.01,6.01,6.0,36.06,6.01
1326997860,6.01,6.01,6.01,6.01,5.0,30.05,6.01
1327000860,6.07,6.07,6.07,6.07,11.504817,69.83423919,6.07
1327015260,6.28,6.28,6.28,6.28,19.0,119.32,6.28
1327015380,6.28,6.28,6.28,6.28,28.59501748,179.57670977,6.28
1327015500,6.22,6.22,6.22,6.22,29.15,181.313,6.22
1327045320,6.9,6.9,6.9,6.9,1.0388866,7.16831754,6.9
1327057260,6.9,6.9,6.9,6.9,2.65966412,18.351682428,6.9
1327057440,6.9,6.9,6.9,6.9,0.51279965,3.538317585,6.9
1327059300,6.9,6.9,6.9,6.9,22.4024264,154.57674216,6.9
1327059360,6.9,6.9,6.9,6.9,10.0,69.0,6.9
1327059420,6.85,6.85,6.85,6.85,20.0,137.0,6.85
1327063080,6.55,6.55,6.55,6.55,26.0,170.3,6.55
1327063140,6.55,6.55,6.55,6.55,11.39565621,74.641548176,6.55
1327073520,6.95,6.95,6.95,6.95,0.31506415,2.1896958425,6.95
1327073580,6.95,6.95,6.95,6.95,1.5015015,10.435435425,6.95
1327176180,6.3,6.3,6.3,6.3,14.60434379,92.007365877,6.3
1327176240,6.3,6.3,6.3,6.3,26.65359569,167.91765285,6.3
1327179300,6.28,6.28,6.28,6.28,15.0,94.2,6.28
1327180140,6.28,6.28,6.28,6.28,24.83260449,155.9487562,6.28
1327182060,6.77,6.77,6.77,6.77,0.32330844,2.1887981388,6.77
1327218120,6.79,6.79,6.79,6.79,0.32236107,2.1888316653,6.79
1327218180,6.79,6.79,6.79,6.79,1.56739812,10.642633235,6.79
1327218720,6.28,6.28,6.28,6.28,25.721049,161.52818772,6.28
1327242180,6.28,6.28,6.28,6.28,0.16,1.0048,6.28
1327244520,6.09,6.09,6.09,6.09,25.721049,156.64118841,6.09
1327244580,6.03,6.03,6.03,6.03,25.381006,153.04746618,6.03
1327247400,6.83,6.83,6.83,6.83,1.74816984,11.940000007,6.83
1327265700,6.79,6.79,6.79,6.79,0.65,4.4135,6.79
1327311300,6.5,6.5,6.5,6.5,0.37384615,2.429999975,6.5
1327316280,6.4,6.4,6.4,6.4,0.3625,2.32,6.4
1327319880,6.0,6.0,6.0,6.0,0.35,2.1,6.0
1327331520,6.35,6.35,6.35,6.35,37.19338388,236.17798764,6.35
1327332000,6.35,6.35,6.35,6.35,7.68744388,48.815268638,6.35
1327332060,6.35,6.35,6.35,6.35,10.7465498,68.24059123,6.35
1327334880,6.4,6.4,6.4,6.4,4.6375,29.68,6.4
1327335120,6.5,6.5,6.5,6.5,6.88769231,44.770000015,6.5
1327336380,6.5,6.5,6.5,6.5,0.42769231,2.780000015,6.5
1327340040,6.5,6.5,6.5,6.5,0.31076923,2.019999995,6.5
1327340520,6.52,6.52,6.52,6.52,1.52607362,9.9500000024,6.52
1327342740,6.52,6.52,6.52,6.52,24.41717791,159.19999997,6.52
1327371660,6.52,6.52,6.52,6.52,0.70705521,4.6099999692,6.52
1327392240,6.0,6.0,6.0,6.0,6.0,36.0,6.0
1327395300,6.5,6.5,6.5,6.5,8.0,52.0,6.5
1327398300,6.5,6.5,6.5,6.5,1.54798762,10.06191953,6.5
1327398420,6.5,6.5,6.5,6.5,1.54083205,10.015408325,6.5
1327398780,6.55,6.55,6.55,6.55,0.59847328,3.919999984,6.55
1327401960,6.28,6.28,6.28,6.28,20.7465498,130.28833274,6.28
1327405800,6.55,6.55,6.55,6.55,6.40152672,41.930000016,6.55
1327405860,6.55,6.55,6.55,6.55,1.55279503,10.170807446,6.55
1327405920,6.55,6.55,6.55,6.55,1.17701,7.7094155,6.55
1327419060,6.57,6.57,6.57,6.57,22.0,144.54,6.57
1327419840,6.55,6.55,6.55,6.55,2.68744388,17.602757414,6.55
1327429260,6.55,6.55,6.55,6.55,5.0,32.75,6.55
1327430400,6.55,6.55,6.55,6.55,1.53609831,10.06144393,6.55
1327430460,6.55,6.55,6.55,6.55,1.53609831,10.06144393,6.55
1327430520,6.55,6.55,6.55,6.55,1.53609831,10.06144393,6.55
1327430580,6.55,6.55,6.55,6.55,1.53609831,10.06144393,6.55
1327430640,6.55,6.55,6.55,6.55,1.34217464,8.791243892,6.55
1327482180,6.26,6.26,6.26,6.26,30.0,187.8,6.26
1327490640,6.84,6.84,6.84,6.84,1.44030621,9.8516944764,6.84
1327490700,6.84,6.84,6.84,6.84,1.5625,10.6875,6.84
1327490760,6.84,6.84,6.84,6.84,1.5625,10.6875,6.84
1327490820,6.84,6.84,6.84,6.84,1.5625,10.6875,6.84
1327490880,6.84,6.84,6.84,6.84,1.5625,10.6875,6.84
1327490940,6.84,6.84,6.84,6.84,1.26343212,8.6418757008,6.84
1327491180,6.85,6.85,6.85,6.85,0.31951807,2.1886987795,6.85
1327491240,6.86,6.86,6.86,6.86,1.3,8.918,6.86
1327491300,6.86,6.86,6.86,6.86,0.6,4.116,6.86
1327496400,6.85,6.85,6.85,6.85,0.5,3.425,6.85
1327515600,6.09,6.09,6.09,6.09,1.68350168,10.252525231,6.09
1327515660,6.09,6.09,6.09,6.09,1.68634064,10.269814498,6.09
1327515780,6.09,6.09,6.09,6.09,1.68634064,10.269814498,6.09
1327515840,6.09,6.09,6.09,6.09,1.69491525,10.322033873,6.09
1327515900,6.09,6.09,6.09,6.09,1.69491525,10.322033873,6.09
1327515960,6.09,6.09,6.09,6.09,1.69491525,10.322033873,6.09
1327516020,6.09,6.09,6.09,6.09,1.70357751,10.374787036,6.09
1327516080,6.09,6.09,6.09,6.09,1.69491525,10.322033873,6.09
1327516140,6.09,6.09,6.09,6.09,1.69491525,10.322033873,6.09
1327516200,6.09,6.09,6.0,6.0,1.69491525,10.274401195,6.0618967203
1327516260,6.0,6.0,6.0,6.0,1.71232877,10.27397262,6.0
1327516320,6.0,6.0,6.0,6.0,1.70940171,10.25641026,6.0
1327516440,6.0,6.0,6.0,6.0,1.71232877,10.27397262,6.0
1327516500,6.0,6.0,6.0,6.0,1.71232877,10.27397262,6.0
1327516560,6.0,6.0,6.0,6.0,1.72413793,10.34482758,6.0
1327516620,6.0,6.0,6.0,6.0,1.72413793,10.34482758,6.0
1327516740,6.0,6.0,6.0,6.0,1.72413793,10.34482758,6.0
1327516800,6.0,6.0,6.0,6.0,1.72413793,10.34482758,6.0
1327516860,6.0,6.0,6.0,6.0,1.72413793,10.34482758,6.0
1327516920,6.0,6.0,6.0,6.0,1.72413793,10.34482758,6.0
1327516980,6.0,6.0,6.0,6.0,1.71821306,10.30927836,6.0
1327517040,6.0,6.0,6.0,6.0,1.68067227,10.08403362,6.0
1327517160,6.0,6.0,6.0,6.0,1.5306471,9.1838826,6.0
1327527060,6.31,6.31,6.31,6.31,0.2,1.262,6.31
1327527420,6.31,6.31,6.31,6.31,0.2,1.262,6.31
1327588380,6.27,6.27,6.27,6.27,0.69803068,4.3766523636,6.27
1327588440,6.27,6.27,6.27,6.27,1.71526587,10.754717005,6.27
1327588500,6.27,6.27,6.27,6.27,1.71526587,10.754717005,6.27
1327588560,6.27,6.27,6.27,6.27,1.71526587,10.754717005,6.27
1327588620,6.27,6.27,6.27,6.27,1.73010381,10.847750889,6.27
1327588680,6.27,6.27,6.27,6.27,1.71526587,10.754717005,6.27
1327588740,6.27,6.27,6.27,6.27,1.71526587,10.754717005,6.27
1327588800,6.27,6.27,6.27,6.27,1.71526587,10.754717005,6.27
1327588920,6.27,6.27,6.27,6.27,1.71526587,10.754717005,6.27
1327588980,6.27,6.27,6.27,6.27,1.5730351,9.862930077,6.27
1327589820,6.27,6.27,6.27,6.27,0.35093105,2.2003376835,6.27
1327613340,5.91,5.91,5.91,5.91,8.0,47.28,5.91
1327613580,6.08,6.08,6.08,6.08,0.36010885,2.189461808,6.08
1327613640,6.14,6.3,6.14,6.3,4.0,25.141874821,6.2854687052
1327614000,6.2,6.2,6.2,6.2,0.2,1.24,6.2
1327618980,5.5,5.5,5.5,5.5,1.0,5.5,5.5
1327629480,3.8,3.8,3.8,3.8,0.27,1.026,3.8
1327629540,6.03,6.03,6.03,6.03,0.29684909,1.7900000127,6.03
1327662240,5.0,5.0,5.0,5.0,1.94174757,9.70873785,5.0
1327662300,5.0,5.0,5.0,5.0,0.62025243,3.10126215,5.0
1327670640,5.74,5.74,5.74,5.74,6.84842884,39.309981542,5.74
1327670700,5.74,5.74,5.74,5.74,4.84842884,27.829981542,5.74
1327670760,5.74,5.74,5.74,5.74,3.84501845,22.070405903,5.74
1327670820,5.74,5.74,5.74,5.74,27.32120893,156.82373926,5.74
1327670880,5.74,5.74,5.74,5.74,2.84501845,16.330405903,5.74
1327670940,5.74,5.74,5.74,5.74,1.84501845,10.590405903,5.74
1327671000,5.74,5.74,5.74,5.74,1.84501845,10.590405903,5.74
1327671120,5.74,5.74,5.74,5.74,1.84842884,10.609981542,5.74
1327671180,5.74,5.74,5.74,5.74,1.84842884,10.609981542,5.74
1327671240,5.74,5.74,5.74,5.74,1.84842884,10.609981542,5.74
1327671300,5.74,5.74,5.74,5.74,1.84842884,10.609981542,5.74
1327671360,5.74,5.74,5.74,5.74,1.84842884,10.609981542,5.74
1327671420,5.74,5.74,5.74,5.74,1.84842884,10.609981542,5.74
1327671480,5.74,5.74,5.74,5.74,1.84842884,10.609981542,5.74
1327671540,5.74,5.74,5.74,5.74,1.84842884,10.609981542,5.74
1327671600,5.74,5.74,5.74,5.74,1.84842884,10.609981542,5.74
1327671660,5.74,5.74,5.74,5.74,1.84842884,10.609981542,5.74
1327672980,5.81,5.81,5.81,5.81,3.0,17.43,5.81
1327673040,5.81,5.81,5.81,5.81,1.84501845,10.719557195,5.81
1327673100,5.81,5.81,5.81,5.81,1.84501845,10.719557195,5.81
1327673160,5.81,5.81,5.81,5.81,1.85873606,10.799256509,5.81
1327680240,5.83,5.83,5.83,5.83,2.3777832,13.862476056,5.83
1327680720,5.88,5.88,5.88,5.88,1.14215881,6.7158938028,5.88
1327680840,5.88,5.88,5.88,5.88,9.0,52.92,5.88
1327723440,4.91,4.91,4.91,4.91,0.25,1.2275,4.91
1327806840,5.89,5.89,5.89,5.89,0.16808149,0.9899999761,5.89
1327811160,5.89,5.89,5.89,5.89,1.14439206,6.7404692334,5.89
1327811460,5.9,5.9,5.9,5.9,0.54237288,3.199999992,5.9
1327863960,5.3,5.3,5.3,5.3,2.6,13.78,5.3
1327878420,5.5,5.5,5.5,5.5,5.0,27.5,5.5
1327927200,5.3,5.3,5.3,5.3,2.4,12.72,5.3
1327937220,5.58,5.58,5.58,5.58,7.79569892,43.499999974,5.58
1327944420,5.58,5.58,5.58,5.58,2.20430108,12.300000026,5.58
1327945260,5.58,5.58,5.58,5.58,2.0,11.16,5.58
1327945440,5.58,5.58,5.58,5.58,0.19,1.0602,5.58
1327945620,5.58,5.58,5.58,5.58,0.19,1.0602,5.58
1327953180,5.58,5.58,5.58,5.58,0.19,1.0602,5.58
1327953240,5.58,5.58,5.58,5.58,0.19,1.0602,5.58
1327988580,5.7,5.7,5.7,5.7,2.0,11.4,5.7
1327997700,5.58,5.58,5.58,5.58,0.38,2.1204,5.58
1327997760,5.58,5.58,5.58,5.58,0.76,4.2408,5.58
1327997820,5.58,5.58,5.58,5.58,0.38,2.1204,5.58
1327997880,5.58,5.58,5.58,5.58,0.76,4.2408,5.58
1327997940,5.58,5.58,5.58,5.58,0.76,4.2408,5.58
1327998000,5.58,5.58,5.58,5.58,0.57,3.1806,5.58
1327998060,5.58,5.58,5.58,5.58,2.36533214,13.198553341,5.58
1327998120,5.58,5.58,5.58,5.58,0.38,2.1204,5.58
1327998180,5.58,5.58,5.58,5.58,0.38,2.1204,5.58
1327998240,5.58,5.58,5.58,5.58,0.38,2.1204,5.58
1327998300,5.58,5.58,5.58,5.58,0.57,3.1806,5.58
1327998360,5.58,5.58,5.58,5.58,0.57,3.1806,5.58
1327998420,5.58,5.58,5.58,5.58,0.38,2.1204,5.58
1327998480,5.58,5.58,5.58,5.58,0.57,3.1806,5.58
1327998540,5.58,5.58,5.58,5.58,0.57,3.1806,5.58
1327998600,5.58,5.58,5.58,5.58,0.38,2.1204,5.58
1327998660,5.58,5.58,5.58,5.58,0.38,2.1204,5.58
1327998720,5.58,5.58,5.58,5.58,0.57,3.1806,5.58
1327998780,5.58,5.58,5.58,5.58,0.38,2.1204,5.58
1327998840,5.58,5.58,5.58,5.58,0.38,2.1204,5.58
1327998900,5.58,5.58,5.58,5.58,0.38,2.1204,5.58
1327998960,5.58,5.58,5.58,5.58,0.38,2.1204,5.58
1327999020,5.58,5.58,5.58,5.58,0.38,2.1204,5.58
1327999080,5.58,5.58,5.58,5.58,0.57,3.1806,5.58
1327999140,5.58,5.58,5.58,5.58,0.57,3.1806,5.58
1327999200,5.58,5.58,5.58,5.58,0.19,1.0602,5.58
1327999980,5.58,5.58,5.58,5.58,1.79533214,10.017953341,5.58
1328000040,5.58,5.58,5.58,5.58,1.79533214,10.017953341,5.58
1328018520,5.85,5.85,5.85,5.85,0.94188034,5.509999989,5.85
1328021400,5.85,5.85,5.85,5.85,13.41880342,78.500000007,5.85
1328025360,5.85,5.85,5.85,5.85,15.65641026,91.590000021,5.85
1328031420,5.85,5.85,5.85,5.85,7.16682598,41.925931983,5.85
1328031480,5.9,6.0,5.69,6.0,15.87067027,93.610531761,5.8983351156
1328031540,6.01,6.17,5.69,6.17,24.72121364,150.52004509,6.0886996604
1328031600,6.17,6.22,6.17,6.22,5.58653301,34.629962306,6.1988289059
1328035440,6.0,6.0,6.0,6.0,0.55,3.3,6.0
1328035500,5.55,5.55,5.55,5.55,0.5,2.775,5.55
1328036700,3.8,3.8,3.8,3.8,5.0,19.0,3.8
1328037060,6.0,6.0,6.0,6.0,0.165,0.99,6.0
1328037780,5.3,5.3,5.3,5.3,1.0,5.3,5.3
1328101560,5.53,5.53,5.52,5.52,0.92,5.0834,5.5254347826
1328106900,5.99,5.99,5.99,5.99,6.46744574,38.739999983,5.99
1328128680,5.54,5.54,5.54,5.54,0.2,1.108,5.54
1328131140,5.96,5.96,5.96,5.96,0.2,1.192,5.96
1328132460,5.99,5.99,5.99,5.99,0.87,5.2113,5.99
1328133960,5.55,5.88,5.55,5.88,1.70068027,9.9339999876,5.841192
1328134020,5.55,5.55,5.55,5.55,0.2,1.11,5.55
1328134080,5.88,5.88,5.88,5.88,1.50068027,8.8239999876,5.88
1328142720,5.99,5.99,5.99,5.99,2.14,12.8186,5.99
1328157720,5.89,5.89,5.89,5.89,0.2,1.178,5.89
1328157900,5.89,5.89,5.89,5.89,0.2,1.178,5.89
1328166000,6.16,6.16,6.16,6.16,2.09004384,12.874670054,6.16
1328187240,6.16,6.16,6.16,6.16,5.62515508,34.650955293,6.16
1328187360,6.16,6.16,6.16,6.16,1.63934426,10.098360642,6.16
1328187480,6.16,6.16,6.16,6.16,1.63934426,10.098360642,6.16
1328187540,6.16,6.16,6.16,6.16,1.63934426,10.098360642,6.16
1328187600,6.16,6.16,6.16,6.16,1.63398693,10.065359489,6.16
1328187660,6.16,6.16,6.16,6.16,1.63398693,10.065359489,6.16
1328187720,6.16,6.16,6.16,6.16,1.63398693,10.065359489,6.16
1328187780,6.16,6.16,6.16,6.16,1.63132137,10.048939639,6.16
1328187840,6.16,6.16,6.16,6.16,1.63132137,10.048939639,6.16
1328187900,6.17,6.17,6.16,6.16,3.24662875,20.015359518,6.1649671273
1328187960,6.17,6.17,6.17,6.17,2.07960131,12.831140083,6.17
1328188020,6.17,6.17,6.17,6.17,1.63132137,10.065252853,6.17
1328188080,6.2,6.2,6.17,6.17,4.26127067,26.388330356,6.192596622
1328188140,6.17,6.22,6.17,6.22,4.29064366,26.606237497,6.2009897827
1328188200,6.22,6.22,6.17,6.17,1.6286645,10.075861696,6.1865790628
1328188260,6.23,6.25,6.23,6.25,7.48225267,46.692026399,6.2403701744
1328188320,6.25,6.25,6.23,6.23,1.63132137,10.183226486,6.2423178369
1328188380,6.16,6.16,6.16,6.16,1.63132137,10.048939639,6.16
1328188440,6.16,6.16,6.16,6.16,1.63398693,10.065359489,6.16
1328188500,6.16,6.16,6.16,6.16,1.63398693,10.065359489,6.16
1328188620,6.17,6.26,6.16,6.26,2.30012112,14.245359518,6.1933084281
1328188680,6.16,6.16,6.16,6.16,1.63398693,10.065359489,6.16
1328188740,6.16,6.16,6.16,6.16,1.63398693,10.065359489,6.16
1328188800,6.16,6.16,6.16,6.16,1.63398693,10.065359489,6.16
1328188860,6.16,6.16,6.16,6.16,1.63398693,10.065359489,6.16
1328188920,6.16,6.16,6.16,6.16,1.63398693,10.065359489,6.16
1328188980,6.16,6.16,6.16,6.16,1.63398693,10.065359489,6.16
1328189040,6.16,6.16,6.16,6.16,1.63398693,10.065359489,6.16
1328189100,6.16,6.16,6.16,6.16,0.80716088,4.9721110208,6.16
1328190060,6.25,6.25,6.25,6.25,2.0,12.5,6.25
1328191740,6.25,6.25,6.25,6.25,0.1936,1.21,6.25
1328197860,6.25,6.25,6.25,6.25,7.06038693,44.127418312,6.25
1328197920,6.25,6.25,6.25,6.25,1.63398693,10.212418313,6.25
1328199180,6.26,6.26,6.26,6.26,1.58945687,9.9500000062,6.26
1328200200,5.9,5.9,5.9,5.9,33.888,199.9392,5.9
1328205840,6.25,6.25,6.25,6.25,0.4,2.5,6.25
1328206200,6.26,6.26,6.26,6.26,1.11182109,6.9600000234,6.26
1328206920,6.26,6.26,6.26,6.26,1.0,6.26,6.26
1328207040,6.26,6.26,6.26,6.26,1.0,6.26,6.26
1328210580,6.2,6.2,6.2,6.2,1.0,6.2,6.2
1328211120,6.2,6.2,6.2,6.2,24.593033,152.4768046,6.2
1328212800,6.2,6.2,6.2,6.2,14.2524756,88.36534872,6.2
1328212860,6.2,6.2,6.2,6.2,17.29093321,107.2037859,6.2
1328212920,6.2,6.2,6.2,6.2,1.299942,8.0596404,6.2
1328212980,6.2,6.2,6.2,6.2,30.243466,187.5094892,6.2
1328213100,6.1,6.1,6.1,6.1,1.0,6.1,6.1
1328216160,6.1,6.1,6.1,6.1,32.3,197.03,6.1
1328219520,6.26,6.26,6.26,6.26,0.17553986,1.0988795236,6.26
1328219640,6.26,6.26,6.26,6.26,3.98,24.9148,6.26
1328221680,6.28,6.28,6.28,6.28,2.37579618,14.92000001,6.28
1328224200,6.09,6.09,6.09,6.09,1.0,6.09,6.09
1328224260,6.05,6.05,6.05,6.05,1.0,6.05,6.05
1328225820,6.28,6.28,6.28,6.28,1.57846707,9.9127731996,6.28
1328229480,6.29,6.29,6.29,6.29,10.93917444,68.807407228,6.29
1328230200,6.3,6.3,6.3,6.3,0.84112899,5.299112637,6.3
1328232480,6.31,6.31,6.31,6.31,0.35358492,2.2311208452,6.31
1328232540,6.31,6.31,6.31,6.31,2.64,16.6584,6.31
1328233560,6.31,6.31,6.04,6.04,1.3,7.8637320716,6.0490246705
1328235420,6.32,6.32,6.32,6.32,1.33061308,8.4094746656,6.32
1328235600,6.33,6.33,6.33,6.33,1.94770563,12.328976638,6.33
1328235840,6.35,6.35,6.35,6.35,0.68979649,4.3802077115,6.35
1328245380,6.0,6.0,6.0,6.0,1.0,6.0,6.0
1328260860,6.29,6.29,6.29,6.29,15.81875994,99.500000023,6.29
1328265000,6.0,6.0,6.0,6.0,27.0,162.0,6.0
1328265060,6.0,6.0,6.0,6.0,2.229415,13.37649,6.0
1328265120,6.27,6.27,6.27,6.27,1.538,9.64326,6.27
1328265180,6.27,6.27,6.27,6.27,1.7,10.659,6.27
1328265240,6.27,6.27,6.27,6.27,1.28,8.0256,6.27
1328265300,6.27,6.27,6.27,6.27,2.55,15.9885,6.27
1328265360,6.27,6.27,6.27,6.27,0.85,5.3295,6.27
1328268240,5.93,5.93,5.93,5.93,23.1930411,137.53473372,5.93
1328273220,6.2,6.2,6.2,6.2,16.04,99.448,6.2
1328273580,6.2,6.2,6.2,6.2,0.0083871,0.05200002,6.2
1328275260,6.2,6.2,6.2,6.2,2.51129032,15.569999984,6.2
1328275320,6.2,6.2,6.2,6.2,3.16451613,19.620000006,6.2
1328285820,6.19,6.19,6.19,6.19,1.78,11.0182,6.19
1328285880,6.19,6.19,6.19,6.19,7.99,49.4581,6.19
1328286360,5.94,5.94,5.94,5.94,21.2158,126.021852,5.94
1328287800,6.29,6.29,6.29,6.29,1.38124006,8.6879999774,6.29
1328300040,6.3,6.3,6.3,6.3,4.26,26.838,6.3
1328323080,6.35,6.35,6.35,6.35,2.34468716,14.888763466,6.35
1328323200,6.37,6.37,6.37,6.37,0.98843515,6.2963319055,6.37
1328335920,5.95,5.95,5.95,5.95,4.97,29.5715,5.95
1328344620,5.96,5.96,5.96,5.96,21.21580645,126.44620644,5.96
1328344680,5.96,5.96,5.96,5.96,21.1398746,125.99365262,5.96
1328344800,5.97,5.97,5.97,5.97,4.02879757,24.051921493,5.97
1328348100,6.38,6.4,6.38,6.4,7.0,44.7831711,6.3975958714
1328361900,5.95,5.95,5.95,5.95,0.03,0.1785,5.95
1328361960,5.94,5.94,5.94,5.94,0.2,1.188,5.94
1328362080,5.94,5.94,5.94,5.94,0.2,1.188,5.94
1328362260,5.94,5.94,5.94,5.94,0.2,1.188,5.94
1328362320,5.94,5.94,5.94,5.94,0.2,1.188,5.94
1328364180,6.48,6.48,6.48,6.48,0.15277778,0.9900000144,6.48
1328365740,6.5,6.5,6.5,6.5,0.76461538,4.96999997,6.5
1328391540,5.94,5.94,5.94,5.94,1.99,11.8206,5.94
1328395740,5.94,5.94,5.94,5.94,2.21,13.1274,5.94
1328401260,5.93,5.93,5.93,5.93,0.2,1.186,5.93
1328401440,5.93,5.93,5.93,5.93,5.0,29.65,5.93
1328401500,5.93,5.93,5.93,5.93,0.4,2.372,5.93
1328401680,5.92,5.92,5.92,5.92,4.56137215,27.003323128,5.92
1328407860,5.92,5.92,5.92,5.92,0.36,2.1312,5.92
1328407980,5.92,5.92,5.91,5.91,0.91,5.3788862785,5.9108640423
1328408100,5.91,5.91,5.91,5.91,0.86,5.0826,5.91
1328409600,5.91,5.91,5.91,5.91,3.30862785,19.553990594,5.91
1328409660,5.9,5.9,5.9,5.9,1.657,9.7763,5.9
1328414940,5.9,5.9,5.9,5.9,4.89986162,28.909183558,5.9
1328420940,5.9,5.9,5.9,5.9,0.44,2.596,5.9
1328429160,5.9,5.9,5.9,5.9,0.00313838,0.018516442,5.9
1328434920,5.82,5.82,5.82,5.82,10.0,58.2,5.82
1328442420,5.9,5.9,5.9,5.9,0.16779661,0.989999999,5.9
1328442480,5.9,5.9,5.9,5.9,3.34067797,19.710000023,5.9
1328446680,5.81,5.81,5.81,5.81,7.15,41.5415,5.81
1328446920,5.8,5.8,5.8,5.8,1.0,5.8,5.8
1328458320,5.7,5.7,5.7,5.7,1.0,5.7,5.7
1328464200,5.7,5.7,5.7,5.7,0.40820954,2.326794378,5.7
1328473500,6.15,6.15,6.15,6.15,0.38373984,2.360000016,6.15
1328478660,5.6,5.6,5.6,5.6,1.0,5.6,5.6
1328479980,5.6,5.6,5.6,5.6,0.2,1.12,5.6
1328483100,5.6,5.6,5.6,5.6,0.4,2.24,5.6
1328483160,5.6,5.6,5.6,5.6,0.2,1.12,5.6
1328521080,5.6,5.6,5.6,5.6,0.8,4.48,5.6
1328523660,5.21,5.21,5.21,5.21,0.01,0.0521,5.21
1328529540,5.2,5.2,5.2,5.2,9.44,49.088,5.2
1328529600,5.2,5.2,5.2,5.2,2.78373833,14.475439316,5.2
1328546580,5.9,5.9,5.9,5.9,0.16949153,1.000000027,5.9
1328554080,5.9,5.9,5.9,5.9,10.97510847,64.753139973,5.9
1328570640,5.6,5.6,5.6,5.6,4.97,27.832,5.6
1328571240,5.6,5.6,5.6,5.6,0.03,0.168,5.6
1328607720,5.5,5.5,5.5,5.5,5.0,27.5,5.5
1328608860,5.5,5.5,5.5,5.5,0.3,1.65,5.5
1328617020,5.6,5.6,5.6,5.6,24.7613936,138.66380416,5.6
1328617080,5.6,5.6,5.6,5.6,24.761132,138.6623392,5.6
1328621160,5.87,5.87,5.87,5.87,6.47,37.9789,5.87
1328621220,5.87,5.87,5.87,5.87,2.39030664,14.031099977,5.87
1328621400,5.88,5.88,5.88,5.88,5.0,29.4,5.88
1328627700,5.6,5.6,5.6,5.6,9.0,50.4,5.6
1328631000,5.88,5.88,5.88,5.88,9.95068027,58.509999988,5.88
1328631600,5.88,5.88,5.88,5.88,13.26870748,78.019999982,5.88
1328632980,5.51,5.51,5.51,5.51,2.47632202,13.64453433,5.51
1328633460,5.59,5.59,5.59,5.59,15.761132,88.10472788,5.59
1328634360,5.6,5.6,5.6,5.6,24.7613936,138.66380416,5.6
1328634420,5.51,5.51,5.51,5.51,2.52367798,13.90546567,5.51
1328647020,5.69,5.69,5.69,5.69,18.98067337,108.00003148,5.69
1328701140,5.79,5.79,5.79,5.79,8.2294876,47.648733204,5.79
1328703480,5.79,5.79,5.79,5.79,10.75118577,62.249365608,5.79
1328715360,5.66,5.66,5.66,5.66,20.0,113.2,5.66
1328738940,5.67,5.67,5.67,5.67,6.952352,39.41983584,5.67
1328739000,5.67,5.68,5.67,5.68,31.00899474,175.89599561,5.6724185058
1328739240,5.87,5.87,5.87,5.87,6.63,38.9181,5.87
1328772900,5.52,5.52,5.52,5.52,9.44247739,52.122475193,5.52
1328772960,5.52,5.52,5.52,5.52,8.85410661,48.874668487,5.52
1328775540,5.51,5.51,5.51,5.51,1.8,9.918,5.51
1328784480,5.86,5.86,5.86,5.86,13.53819598,79.333828443,5.86
1328794140,5.7,5.7,5.7,5.7,4.88934614,27.869272998,5.7
1328796780,5.87,5.87,5.87,5.87,4.4677777,26.225855099,5.87
1328796840,5.87,5.87,5.87,5.87,0.02625978,0.1541449086,5.87
1328807700,5.87,5.87,5.87,5.87,14.59,85.6433,5.87
1328815980,5.87,5.87,5.87,5.87,1.0,5.87,5.87
1328816520,5.87,5.87,5.87,5.87,2.97,17.4339,5.87
1328816580,5.87,5.87,5.87,5.87,7.2,42.264,5.87
1328816640,5.87,5.87,5.87,5.87,0.73,4.2851,5.87
1328816940,5.88,5.88,5.88,5.88,10.4413749,61.395284412,5.88
1328817120,5.89,5.89,5.89,5.89,3.65365025,21.519999972,5.89
1328849160,5.88,5.88,5.88,5.88,5.0,29.4,5.88
1328849220,5.88,5.88,5.88,5.88,0.98,5.7624,5.88
1328863740,5.88,5.88,5.88,5.88,5.07653061,29.849999987,5.88
1328864160,5.8,5.8,5.8,5.8,1.45227246,8.423180268,5.8
1328864640,5.88,5.88,5.88,5.88,5.07653061,29.849999987,5.88
1328865060,5.88,5.88,5.88,5.88,12.28571429,72.240000025,5.88
1328867100,5.88,5.88,5.88,5.88,23.32312925,137.13999999,5.88
1328868120,5.88,5.88,5.88,5.88,5.0,29.4,5.88
1328868180,5.88,5.88,5.88,5.88,2.86,16.8168,5.88
1328872140,5.88,5.88,5.88,5.88,2.86,16.8168,5.88
1328873520,5.88,5.88,5.88,5.88,1.4047619,8.259999972,5.88
1328882100,5.88,5.88,5.88,5.88,6.43027211,37.810000007,5.88
1328883060,5.88,5.88,5.88,5.88,33.54421769,197.24000002,5.88
1328896440,5.88,5.88,5.88,5.88,10.0,58.8,5.88
1328896500,5.88,5.88,5.88,5.88,4.2,24.696,5.88
1328896560,5.88,5.88,5.88,5.88,5.6,32.928,5.88
1328896620,5.88,5.88,5.88,5.88,4.2,24.696,5.88
1328896680,5.88,5.88,5.88,5.88,5.6,32.928,5.88
1328896740,5.88,5.88,5.88,5.88,5.6,32.928,5.88
1328896800,5.88,5.88,5.88,5.88,4.2,24.696,5.88
1328896860,5.88,5.88,5.88,5.88,4.2,24.696,5.88
1328896920,5.88,5.88,5.88,5.88,5.6,32.928,5.88
1328896980,5.88,5.88,5.88,5.88,5.6,32.928,5.88
1328897040,5.88,5.88,5.88,5.88,1.4,8.232,5.88
1328898660,5.88,5.88,5.88,5.88,0.85034014,5.0000000232,5.88
1328899620,5.88,5.88,5.88,5.88,14.58673469,85.769999977,5.88
1328948460,5.71,5.71,5.71,5.71,0.1794878,1.024875338,5.71
1328953200,5.5,5.5,5.5,5.5,1.7,9.35,5.5
1329050640,5.78,5.78,5.78,5.78,34.0,196.52,5.78
1329060480,5.55,5.55,5.55,5.55,0.6,3.33,5.55
1329074520,5.55,5.55,5.55,5.55,0.32,1.776,5.55
1329084660,5.67,5.67,5.67,5.67,29.9234324,169.66586171,5.67
1329102060,5.53,5.53,5.53,5.53,0.8,4.424,5.53
1329102300,5.53,5.53,5.53,5.53,0.7,3.871,5.53
1329102420,5.5,5.5,5.5,5.5,2.73224044,15.02732242,5.5
1329102600,5.5,5.5,5.5,5.5,0.26775956,1.47267758,5.5
1329128640,5.69,5.69,5.69,5.69,5.3,30.157,5.69
1329128700,5.69,5.69,5.69,5.69,15.34,87.2846,5.69
1329129180,5.69,5.69,5.69,5.69,0.2,1.138,5.69
1329137760,5.73,5.73,5.73,5.73,6.0,34.38,5.73
1329137820,5.73,5.73,5.73,5.73,22.6,129.498,5.73
1329142500,5.75,5.75,5.75,5.75,34.50984229,198.43159317,5.75
1329151320,5.79,5.79,5.79,5.79,11.33459673,65.627315067,5.79
1329187380,5.2,5.2,5.2,5.2,4.59,23.868,5.2
1329187440,5.2,5.2,5.2,5.2,0.27,1.404,5.2
1329195720,5.2,5.2,5.2,5.2,2.08,10.816,5.2
1329197760,5.25,5.25,5.25,5.25,0.97,5.0925,5.25
1329198840,5.25,5.25,5.11,5.11,5.0,25.5596,5.11192
1329199860,5.11,5.11,5.11,5.11,3.01,15.3811,5.11
1329199920,5.11,5.11,5.05,5.05,5.0,25.2548,5.05096
1329205020,5.05,5.05,4.99,4.99,34.50984229,172.66591303,5.0033816897
1329214020,5.52,5.52,5.52,5.52,7.22565619,39.885622169,5.52
1329214080,5.52,5.52,5.52,5.52,4.46,24.6192,5.52
1329216720,5.5,5.5,5.5,5.5,6.36132311,34.987277105,5.5
1329218220,5.63,5.63,5.63,5.63,4.69462021,26.430711782,5.63
1329221040,5.33,5.33,5.33,5.33,0.66041276,3.5200000108,5.33
1329223800,4.87,4.87,4.87,4.87,7.2,35.064,4.87
1329223860,4.7,4.7,4.7,4.7,6.7,31.49,4.7
1329224280,4.7,4.7,4.7,4.7,0.9,4.23,4.7
1329225060,5.33,5.33,5.33,5.33,1.5989369,8.522333677,5.33
1329225180,5.75,5.75,5.75,5.75,0.97,5.5775,5.75
1329225720,5.78,5.78,5.78,5.78,0.5,2.89,5.78
1329226080,5.78,5.78,5.78,5.78,2.0,11.56,5.78
1329226440,5.78,5.78,5.78,5.78,4.9735,28.74683,5.78
1329227100,5.79,5.79,5.79,5.79,5.0,28.95,5.79
1329227280,5.8,5.8,5.8,5.8,0.17068966,0.990000028,5.8
1329227640,5.05,5.05,5.05,5.05,2.0,10.1,5.05
1329228540,4.89,4.89,4.89,4.89,0.25,1.2225,4.89
1329229200,4.7,4.7,4.7,4.7,0.4,1.88,4.7
1329233760,4.87,4.87,4.87,4.87,1.02053388,4.9699999956,4.87
1329235980,4.86,4.89,4.86,4.89,7.3,35.628,4.8805479452
1329237420,4.87,4.87,4.87,4.87,1.2,5.844,4.87
1329238500,4.87,4.87,4.87,4.87,0.9,4.383,4.87
1329241200,4.89,4.89,4.89,4.89,0.57259713,2.7999999657,4.89
1329243480,4.56,4.56,4.56,4.56,1.35,6.156,4.56
1329252960,4.89,4.89,4.89,4.89,4.50682215,22.038360314,4.89
1329309180,4.9,4.9,4.9,4.9,7.24081633,35.480000017,4.9
1329309300,4.9,4.9,4.9,4.9,3.06122449,15.000000001,4.9
1329313200,4.89,4.89,4.89,4.89,5.49488753,26.870000022,4.89
1329313380,4.89,4.89,4.89,4.89,10.17382413,49.749999996,4.89
1329313860,4.89,4.89,4.89,4.89,0.90076124,4.4047224636,4.89
1329314160,4.89,4.89,4.89,4.89,1.0,4.89,4.89
1329314520,4.94,4.94,4.94,4.94,4.51739615,22.315936981,4.94
1329314700,4.94,4.94,4.94,4.94,0.76,3.7544,4.94
1329315000,4.94,4.94,4.94,4.94,0.25,1.235,4.94
1329315180,5.03,5.03,5.03,5.03,4.13320079,20.789999974,5.03
1329317280,5.03,5.03,5.03,5.03,0.88301534,4.4415671602,5.03
1329317340,5.03,5.03,5.03,5.03,8.71,43.8113,5.03
1329317940,5.04,5.04,5.04,5.04,2.74254236,13.822413494,5.04
1329318540,5.08,5.08,5.08,5.08,11.71259842,59.499999974,5.08
1329318660,4.98,4.98,4.98,4.98,0.96,4.7808,4.98
1329325260,5.08,5.08,5.08,5.08,0.19685039,0.9999999812,5.08
1329329460,4.98,4.98,4.98,4.98,0.05204818,0.2591999364,4.98
1329329700,4.84,4.84,4.84,4.84,1.01033057,4.8899999588,4.84
1329330360,4.69,4.69,4.69,4.69,3.98966943,18.711549627,4.69
1329354360,4.5,4.5,4.5,4.5,0.99,4.455,4.5
1329354420,4.5,4.5,4.5,4.5,3.9,17.55,4.5
1329354540,4.5,4.5,4.4,4.4,3.03,13.343,4.403630363
1329354660,4.4,4.4,4.4,4.4,0.42,1.848,4.4
1329354900,4.4,4.4,4.4,4.4,7.59,33.396,4.4
1329356820,4.35,4.35,4.35,4.35,0.97,4.2195,4.35
1329356940,4.35,4.35,4.3,4.3,2.76,11.8695,4.3005434783
1329357060,4.3,4.3,4.3,4.3,2.21,9.503,4.3
1329358140,4.17,4.17,4.17,4.17,4.0,16.68,4.17
1329366600,4.7,4.7,4.7,4.7,0.24,1.128,4.7
1329386880,4.61,4.61,4.61,4.61,7.91683569,36.496612531,4.61
1329386940,4.61,4.61,4.61,4.61,6.05,27.8905,4.61
1329387600,4.61,4.61,4.55,4.55,0.52,2.3679898586,4.5538266512
1329396240,4.64,4.64,4.64,4.64,2.57327586,11.93999999,4.64
1329401760,4.64,4.64,4.64,4.64,2.57327586,11.93999999,4.64
1329402060,4.59,4.59,4.59,4.59,0.32,1.4688,4.59
1329410040,4.66,4.66,4.66,4.66,5.32539585,24.816344661,4.66
1329410100,4.66,4.66,4.66,4.66,7.41,34.5306,4.66
1329410160,4.66,4.66,4.61,4.61,0.23,1.063766259,4.6250706913
1329412020,4.7,4.7,4.7,4.7,3.18698907,14.978848629,4.7
1329412620,4.72,4.72,4.72,4.72,2.36960343,11.18452819,4.72
1329413280,4.73,4.73,4.73,4.73,2.86831944,13.567150951,4.73
1329415020,4.65,4.65,4.61,4.61,1.35550085,6.2892890257,4.6398266926
1329415080,4.59,4.59,4.59,4.59,0.01551198,0.0711999882,4.59
1329415320,4.55,4.55,4.55,4.55,0.01865881,0.0848975855,4.55
1329415380,4.15,4.15,4.15,4.15,1.07011258,4.440967207,4.15
1329416520,4.73,4.73,4.73,4.73,5.26098784,24.884472483,4.73
1329416760,4.76,4.76,4.76,4.76,4.75503773,22.633979595,4.76
1329416820,4.79,4.79,4.79,4.79,2.36646347,11.335360021,4.79
1329416880,4.98,4.98,4.98,4.98,12.31726908,61.340000018,4.98
1329429720,4.8,4.8,4.8,4.8,10.0,48.0,4.8
1329430740,4.68,4.68,4.68,4.68,1.0,4.68,4.68
1329433800,4.68,4.68,4.68,4.68,0.01068376,0.0499999968,4.68
1329433860,4.51,4.51,4.51,4.51,10.0,45.1,4.51
1329447120,4.67,4.68,4.67,4.68,9.06931624,42.434400003,4.678897381
1329460440,4.79,4.79,4.79,4.79,5.0,23.95,4.79
1329460680,4.74,4.74,4.74,4.74,0.29,1.3746,4.74
1329461940,4.74,4.74,4.74,4.74,0.7,3.318,4.74
1329463440,4.79,4.79,4.79,4.79,1.00208768,4.7999999872,4.79
1329464460,4.74,4.74,4.74,4.74,0.54,2.5596,4.74
1329465060,4.79,4.79,4.79,4.79,5.0,23.95,4.79
1329467340,4.74,4.74,4.74,4.74,1.46,6.9204,4.74
1329468540,4.74,4.74,4.62,4.62,0.56,2.5921974672,4.6289240486
1329468720,4.62,4.62,4.62,4.62,0.48,2.2176,4.62
1329480240,4.65,4.65,4.65,4.65,16.40178274,76.268289741,4.65
1329480300,4.65,4.65,4.65,4.65,16.40178274,76.268289741,4.65
1329480360,4.62,4.62,4.5,4.5,0.29,1.3064961684,4.5051592014
1329481080,4.75,4.8,4.75,4.8,47.0,223.597,4.7573829787
1329481440,4.7,4.7,4.7,4.7,0.98,4.606,4.7
1329482040,4.7,4.7,4.7,4.7,4.9,23.03,4.7
1329482100,4.7,4.7,4.7,4.7,0.13063829,0.613999963,4.7
1329482160,4.5,4.5,4.5,4.5,2.32788811,10.475496495,4.5
1329482940,4.79,4.79,4.79,4.79,20.98121086,100.50000002,4.79
1329483000,4.74,4.74,4.74,4.74,10.10548523,47.89999999,4.74
1329483300,4.6,4.6,4.6,4.6,1.95,8.97,4.6
1329488040,4.66,4.66,4.66,4.66,15.0,69.9,4.66
1329495900,4.51,4.51,4.51,4.51,14.24,64.2224,4.51
1329496680,4.74,4.74,4.74,4.74,2.09915612,9.9500000088,4.74
1329496740,4.69,4.69,4.69,4.69,2.06,9.6614,4.69
1329500220,4.71,4.71,4.71,4.71,15.0,70.65,4.71
1329500280,4.71,4.71,4.71,4.71,15.0,70.65,4.71
1329503160,4.74,4.74,4.74,4.74,22.04008438,104.46999996,4.74
1329503400,4.69,4.69,4.69,4.69,10.0,46.9,4.69
1329503640,4.69,4.69,4.69,4.69,0.16814498,0.7885999562,4.69
1329514020,4.72,4.72,4.72,4.72,1.76271186,8.3199999792,4.72
1329514320,4.67,4.67,4.67,4.67,1.73,8.0791,4.67
1329529500,4.67,4.67,4.67,4.67,0.05158458,0.2408999886,4.67
1329529620,4.5,4.5,4.45,4.45,14.59457996,65.17560982,4.4657407064
1329529680,4.45,4.45,4.45,4.45,5.0,22.25,4.45
1329530400,4.45,4.45,4.45,4.45,10.0,44.5,4.45
1329530460,4.45,4.45,4.45,4.45,11.92,53.044,4.45
1329530640,4.45,4.45,4.45,4.45,5.0,22.25,4.45
1329531360,4.45,4.45,4.45,4.45,5.0,22.25,4.45
1329531420,4.45,4.45,4.45,4.45,6.48,28.836,4.45
1329533520,4.45,4.45,4.45,4.45,6.95955056,30.969999992,4.45
1329542400,4.45,4.45,4.45,4.45,70.07301238,311.82490509,4.45
1329549840,4.45,4.45,4.45,4.45,16.0,71.2,4.45
1329549900,4.45,4.45,4.45,4.45,15.892921,70.72349845,4.45
1329549960,4.45,4.45,4.45,4.45,27.7420894,123.45229783,4.45
1329550020,4.45,4.45,4.45,4.45,0.3649896,1.62420372,4.45
1329556680,4.73,4.73,4.73,4.73,0.25369979,1.2000000067,4.73
1329558000,4.4,4.4,4.4,4.4,10.1,44.44,4.4
1329566820,4.4,4.4,4.4,4.4,0.01363636,0.059999984,4.4
1329566880,4.39,4.39,4.39,4.39,0.3690205,1.619999995,4.39
1329566940,4.3,4.3,4.28,4.28,0.8,3.43,4.2875
1329567000,4.27,4.27,4.27,4.27,2.0,8.54,4.27
1329567300,4.24,4.24,4.21,4.21,11.48636364,48.454590924,4.2184447962
1329582120,4.14,4.14,4.14,4.14,2.24383721,9.2894860494,4.14
1329582180,4.14,4.14,4.14,4.14,4.58743279,18.991971751,4.14
1329587760,4.25,4.25,4.25,4.25,20.0,85.0,4.25
1329589680,4.38,4.38,4.38,4.38,2.45753424,10.763999971,4.38
1329601860,4.23,4.23,4.23,4.23,5.0,21.15,4.23
1329610800,4.38,4.38,4.38,4.38,27.06677234,118.55246285,4.38
1329610860,4.3,4.3,4.3,4.3,33.6,144.48,4.3
1329610920,4.3,4.3,4.3,4.3,15.0,64.5,4.3
1329610980,4.3,4.3,4.3,4.3,8.466772,36.4071196,4.3
1329646020,4.33,4.33,4.33,4.33,3.55,15.3715,4.33
1329674460,4.38,4.38,4.38,4.38,5.0,21.9,4.38
1329733140,4.72,4.72,4.72,4.72,8.72457627,41.179999994,4.72
1329733380,4.67,4.67,4.67,4.67,5.0,23.35,4.67
1329733440,4.67,4.67,4.67,4.67,3.81798715,17.82999999,4.67
1329746400,4.67,4.67,4.67,4.67,8.62526766,40.279999972,4.67
1329746640,4.5,4.65,4.5,4.65,46.93200034,212.79472508,4.5341072944
1329751860,4.59,4.59,4.59,4.59,9.12606774,41.888650927,4.59
1329751920,4.59,4.59,4.59,4.59,0.8,3.672,4.59
1329752400,4.59,4.59,4.59,4.59,5.0,22.95,4.59
1329752460,4.59,4.59,4.59,4.59,10.97,50.3523,4.59
1329752520,4.6,4.6,4.54,4.54,25.25869565,115.58999999,4.5762458043
1329753180,4.59,4.59,4.59,4.59,32.14687224,147.55414358,4.59
1329753240,4.59,4.59,4.59,4.59,1.13,5.1867,4.59
1329753540,4.59,4.59,4.59,4.59,23.1,106.029,4.59
1329753600,4.59,4.59,4.59,4.59,27.8,127.602,4.59
1329753660,4.59,4.59,4.59,4.59,1.8,8.262,4.59
1329753720,4.59,4.59,4.59,4.59,3.6,16.524,4.59
1329753780,4.6,4.6,4.6,4.6,15.3847826,70.76999996,4.6
1329756660,4.54,4.54,4.54,4.54,2.51760052,11.429906361,4.54
1329757860,4.54,4.54,4.54,4.54,6.81059331,30.920093627,4.54
1329762960,4.4,4.4,4.4,4.4,10.0,44.0,4.4
1329768420,4.41,4.41,4.4,4.4,15.46677234,68.108466019,4.4035345269
1329772080,4.49,4.49,4.49,4.49,17.92819383,80.497590297,4.49
1329772620,4.49,4.49,4.49,4.49,0.57556468,2.5842854132,4.49
1329772740,4.5,4.5,4.5,4.5,5.38419118,24.22886031,4.5
1329772860,4.5,4.5,4.5,4.5,5.0,22.5,4.5
1329773400,4.54,4.54,4.54,4.54,15.2400881,69.189999974,4.54
1329775920,4.44,4.44,4.44,4.44,7.3,32.412,4.44
1329780720,4.44,4.44,4.44,4.44,0.5,2.22,4.44
1329802080,4.52,4.52,4.52,4.52,5.0,22.6,4.52
1329802140,4.52,4.52,4.52,4.52,5.0,22.6,4.52
1329802320,4.53,4.53,4.53,4.53,2.13,9.6489,4.53
1329806040,4.53,4.53,4.53,4.53,1.99,9.0147,4.53
1329810660,4.47,4.47,4.47,4.47,5.76286353,25.759999979,4.47
1329810780,4.44,4.44,4.39,4.39,12.54713647,55.163550725,4.3965051991
1329812160,4.39,4.39,4.39,4.39,4.08529596,17.934449264,4.39
1329812280,4.35,4.35,4.35,4.35,50.0,217.5,4.35
1329812340,4.35,4.35,4.33,4.33,6.50773671,28.278499954,4.3453663254
1329812400,4.3,4.3,4.3,4.3,39.40696733,169.44995952,4.3
1329820260,4.53,4.53,4.53,4.53,8.58,38.8674,4.53
1329820320,4.53,4.53,4.53,4.53,3.53,15.9909,4.53
1329820440,4.53,4.53,4.48,4.48,2.16,9.6814357615,4.4821461859
1329820560,4.54,4.54,4.54,4.54,14.46475771,65.670000003,4.54
1329822000,4.51,4.51,4.51,4.51,12.99556541,58.609999999,4.51
1329822900,4.48,4.48,4.48,4.48,0.05548308,0.2485641984,4.48
1329832500,4.47,4.47,4.47,4.47,28.99,129.5853,4.47
1329832560,4.47,4.47,4.47,4.47,15.17695749,67.84099998,4.47
1329836220,4.48,4.48,4.48,4.48,23.4,104.832,4.48
1329836880,4.49,4.49,4.49,4.49,21.02580052,94.405844335,4.49
1329836940,4.49,4.49,4.49,4.49,10.0,44.9,4.49
1329837000,4.49,4.49,4.49,4.49,5.0,22.45,4.49
1329837540,4.54,4.54,4.54,4.54,18.68546255,84.831999977,4.54
1329839640,4.44,4.44,4.43,4.43,11.15115509,49.409999932,4.4309311038
1329845460,4.53,4.53,4.53,4.53,18.41,83.3973,4.53
1329845520,4.53,4.53,4.53,4.53,17.90991169,81.131899956,4.53
1329861120,4.51,4.51,4.51,4.51,10.99,49.5649,4.51
1329861420,4.51,4.51,4.51,4.51,0.41,1.8491,4.51
1329861540,4.51,4.51,4.51,4.51,0.26,1.1726,4.51
1329861780,4.52,4.52,4.52,4.52,0.01106194,0.0499999688,4.52
1329867660,4.52,4.52,4.52,4.52,2.78902855,12.606409046,4.52
1329868320,4.58,4.58,4.58,4.58,0.02401746,0.1099999668,4.58
1329869160,4.47,4.47,4.46,4.46,11.27541858,50.299999976,4.4610317231
1329907500,4.57,4.57,4.57,4.57,16.54704595,75.619999991,4.57
1329911220,4.52,4.52,4.52,4.52,8.1659292,36.909999984,4.52
1329914700,4.52,4.52,4.52,4.52,5.53061947,24.998400004,4.52
1329921840,4.57,4.57,4.57,4.57,2.87308534,13.130000004,4.57
1329946500,4.57,4.57,4.57,4.57,13.79466782,63.041631937,4.57
1329946560,4.57,4.57,4.57,4.57,1.0,4.57,4.57
1329946620,4.59,4.59,4.59,4.59,0.222,1.01898,4.59
1329953340,4.52,4.52,4.51,4.51,15.9,71.768026549,4.5137123615
1329975240,4.59,4.59,4.59,4.59,5.0,22.95,4.59
1329975300,4.59,4.59,4.59,4.59,10.0,45.9,4.59
1329975360,4.59,4.59,4.59,4.59,6.17,28.3203,4.59
1329975420,4.59,4.59,4.59,4.59,6.24,28.6416,4.59
1329975480,4.59,4.59,4.59,4.59,2.64981546,12.162652961,4.59
1329975660,4.63,4.63,4.63,4.63,0.5,2.315,4.63
1329975960,4.59,4.59,4.59,4.59,6.7,30.753,4.59
1329976020,4.59,4.59,4.59,4.59,12.3,56.457,4.59
1329976080,4.59,4.59,4.59,4.59,6.1,27.999,4.59
1329976440,4.63,4.63,4.63,4.63,0.5,2.315,4.63
1329976500,4.63,4.64,4.63,4.64,54.69344016,253.25372794,4.6304223541
1329976560,4.64,4.65,4.64,4.65,17.7,82.1281,4.6400056497
1329976680,4.65,4.65,4.65,4.65,22.18,103.137,4.65
1329976740,4.65,4.65,4.65,4.65,27.81,129.3165,4.65
1329977880,4.73,4.73,4.73,4.73,5.0,23.65,4.73
1329978420,4.73,4.73,4.73,4.73,1.70585077,8.0686741421,4.73
1329986400,4.8,4.8,4.8,4.8,53.7951324,258.21663552,4.8
1329990420,4.8,4.8,4.8,4.8,0.2048676,0.98336448,4.8
1329990480,4.76,4.76,4.76,4.76,92.65487394,441.03719995,4.76
1329990540,4.55,4.55,4.55,4.55,7.14,32.487,4.55
1330005060,4.92,4.92,4.92,4.92,2.3,11.316,4.92
1330005720,4.99,4.99,4.99,4.99,1.7,8.483,4.99
1330005900,4.99,4.99,4.99,4.99,0.3,1.497,4.99
1330006380,5.0,5.0,5.0,5.0,2.314,11.57,5.0
1330029780,5.0,5.04,5.0,5.04,23.27488902,116.53497805,5.0068972593
1330034940,5.0,5.0,5.0,5.0,80.0,400.0,5.0
1330035000,5.0,5.0,5.0,5.0,12.294112,61.47056,5.0
1330036320,5.06,5.06,5.06,5.06,4.48031565,22.670397189,5.06
1330036980,5.08,5.08,5.08,5.08,3.73256617,18.961436144,5.08
1330037640,5.12,5.12,5.12,5.12,4.2426577,21.722407424,5.12
1330038300,5.17,5.17,5.17,5.17,13.8,71.346,5.17
1330038600,5.17,5.17,5.17,5.17,5.2,26.884,5.17
1330038660,5.17,5.17,5.17,5.17,10.1,52.217,5.17
1330038960,5.18,5.18,5.18,5.18,6.47937345,33.563154471,5.18
1330039620,5.19,5.19,5.19,5.19,6.6,34.254,5.19
1330039680,5.19,5.19,5.19,5.19,25.7,133.383,5.19
1330039740,5.19,5.19,5.19,5.19,12.9,66.951,5.19
1330040160,5.19,5.19,5.19,5.19,71.0,368.49,5.19
1330040220,5.2,5.2,5.19,5.2,59.38313896,308.69032259,5.1982823407
1330040280,5.2,5.2,5.2,5.2,24.8,128.96,5.2
1330040880,5.21,5.21,5.21,5.21,4.3598956,22.715056076,5.21
1330041480,5.22,5.22,5.22,5.22,0.83908045,4.379999949,5.22
1330056120,5.12,5.12,5.02,5.02,8.09454065,41.099999932,5.0774962668
1330080180,5.2,5.2,5.2,5.2,2.90887559,15.126153068,5.2
1330081380,5.14,5.14,5.14,5.14,0.2,1.028,5.14
1330082880,5.18,5.18,5.18,5.18,3.0,15.54,5.18
1330082940,5.19,5.19,5.19,5.19,13.2,68.508,5.19
1330088880,5.14,5.14,5.14,5.14,1.8233463,9.371999982,5.14
1330089120,5.12,5.12,5.12,5.12,2.0,10.24,5.12
1330111680,5.22,5.22,5.22,5.22,2.86015326,14.930000017,5.22
1330111800,5.17,5.17,5.17,5.17,1.49,7.7033,5.17
1330115040,4.95,4.95,4.95,4.95,2.02020202,9.999999999,4.95
1330158120,5.11,5.11,5.11,5.11,7.84931506,40.109999957,5.11
1330168980,5.05,5.05,5.05,5.05,2.0,10.1,5.05
1330175040,5.11,5.11,5.11,5.11,3.86105675,19.729999993,5.11
1330179240,5.05,5.05,5.0,5.0,50.1,250.60485149,5.002092844
1330180380,5.0,5.0,5.0,5.0,0.2,1.0,5.0
1330185360,5.0,5.0,5.0,5.0,39.3,196.5,5.0
